review_id,review,sentiment_label,sentiment_score,identified_themes
5921,I like this mobile banking app very much. Overall user interface and navigation is awesome. But it lacks instant response when someone deposit or withdraw money.,NEGATIVE,-0.9904449582099915,"User Interface, Customer Support"
5922,love,POSITIVE,0.9998735189437866,Other
5923,·àò·â∏·à∏·å†,NEGATIVE,-0.6970561742782593,Other
5924,wow,POSITIVE,0.999592125415802,Other
5925,gadaa,NEGATIVE,-0.7211483120918274,Other
5926,Massive upgrade from the Amole app.,POSITIVE,0.9646419882774353,Other
5927,good,POSITIVE,0.9998161196708679,Other
5928,very good for this app,POSITIVE,0.9998138546943665,Other
5929,top,POSITIVE,0.9997069239616394,Other
5930,this app better than Amole . but the biometric on new update doesn't work,NEGATIVE,-0.999607503414154,Other
5931,Wow,POSITIVE,0.999592125415802,Other
5932,good,POSITIVE,0.9998161196708679,Other
5933,wow to it saff and this app,POSITIVE,0.9985711574554443,Other
5934,it too slow,NEGATIVE,-0.9996801614761353,Transaction Performance
5935,·ã≥·àΩ·äï ·â£·äï·ä≠ ·ã≠·àà·ã´·àç,NEGATIVE,-0.8337246179580688,Other
5936,real life changer,POSITIVE,0.9997788071632385,Other
5937,üëçüëçüëç,NEGATIVE,-0.6970561742782593,Other
5938,good,POSITIVE,0.9998161196708679,Other
5939,nice application,POSITIVE,0.9998229146003723,Other
5940,good,POSITIVE,0.9998161196708679,Other
5941,wow,POSITIVE,0.999592125415802,Other
5942,useless app ever loading take long,NEGATIVE,-0.9997350573539734,Other
5943,"Game changer app! Dashen Bank Super App is fast, secure, and easy to use. The three-click payment makes sending money super quick, and the QR code payment is perfect for cashless shopping. I also love the biometric login and easy airtime and bill payments. Everything I need is in one place. Dashen Bank has really raised the bar for digital banking in Ethiopia. Highly recommended!",POSITIVE,0.999617338180542,Account Access Issues
5944,very useful App,POSITIVE,0.9995785355567932,Other
5945,"Simple, robust features? Yes, please! But the endless loading screen killed the fun‚ÄîI couldn‚Äôt use it for days. Fix the glitch, and I‚Äôll yeet a higher rating!",NEGATIVE,-0.8351491689682007,Feature Requests
5946,Wawww,NEGATIVE,-0.941804051399231,Other
5947,it is good but some times says duplicate transaction why?,NEGATIVE,-0.9836629629135132,Transaction Performance
5948,very Nice,POSITIVE,0.9998563528060913,Other
5949,its best,POSITIVE,0.9998121857643127,Other
5950,it is not as good as to the other mobile bank app.,NEGATIVE,-0.999786913394928,Other
5951,"The best of best is now arrived **Empowering Your Financial Freedom** ""Experience seamless banking at your fingertips with Dashen Bank. Empowering your financial freedom, anytime, anywhere!"" **Innovation Meets Convenience** ""Dashen Bank Mobile Banking: Where innovation meets convenience. **Secure and Reliable** ""Bank with confidence",POSITIVE,0.9996517896652222,Other
5952,wow,POSITIVE,0.999592125415802,Other
5953,Nothing is changed in the updated version. You have been collecting comments but where is the feed back you improved in this version. superapp is mot functioning today.,NEGATIVE,-0.9939862489700317,Other
5954,good,POSITIVE,0.9998161196708679,Other
5955,its best,POSITIVE,0.9998121857643127,Other
5956,The best app ever in finance sector,POSITIVE,0.9998089671134949,Other
5957,Its good app than other compitators but it confuse when we transfer it needs OTP and PIN most user inter their pin instead of OTP we know the litrecy level of our society so if it is device based i dont know the needs of OTP so please try to fix,NEGATIVE,-0.9983357787132263,Transaction Performance
5958,dashen bank or dashen super app?,NEGATIVE,-0.9937525391578674,Other
5959,wowwwe app,POSITIVE,0.9829692840576172,Other
5960,"Transferring to other bank accounts is a hastle and inconvenient .Get used to seeing "" please try again """,NEGATIVE,-0.9994332194328308,Transaction Performance
5961,good,POSITIVE,0.9998161196708679,Other
5962,always lagging,NEGATIVE,-0.9998013377189636,Other
5963,Amazing Application...,POSITIVE,0.9998786449432373,Other
5964,Fantastic,POSITIVE,0.9998743534088135,Other
5965,"Dashen bank app is very good, but sometimes it is not working well",NEGATIVE,-0.9976341724395752,Other
5966,its my choice,POSITIVE,0.9962010979652405,Other
5967,wow apo,POSITIVE,0.9994785189628601,Other
5968,awesome app keep going,POSITIVE,0.9998502731323242,Other
5969,wow,POSITIVE,0.999592125415802,Other
5970,üëç,NEGATIVE,-0.6970561742782593,Other
5971,"It grows ethiopian digital banking step ahead.All fetures in one,simple fast and convince.",POSITIVE,0.9992207288742065,Other
5972,Game changer,POSITIVE,0.9887570738792419,Other
5973,Totally amazing,POSITIVE,0.9998782873153687,Other
5974,super üòé,POSITIVE,0.9331682920455933,Other
5975,what a helpful app!!!!,POSITIVE,0.9990901947021484,Customer Support
5976,Good,POSITIVE,0.9998161196708679,Other
5977,nice,POSITIVE,0.9998552799224854,Other
5978,wow,POSITIVE,0.999592125415802,Other
5979,"To be honest, best banking and lifestyle app in Ethiopia.",POSITIVE,0.9997262358665466,Other
5980,fast,POSITIVE,0.9989494681358337,Other
5981,"A must have, seamless, all in one digital platform ""DB Superapp""! Keep living your motto ""Always one step ahead""",POSITIVE,0.9966461062431335,Other
5982,"This App makes digital banking effortless and convenient. User-friendly interface, secure transactions, and excellent features for managing finances efficiently.",POSITIVE,0.9991555213928223,"Transaction Performance, User Interface, Feature Requests"
5983,good,POSITIVE,0.9998161196708679,Other
5984,Amazing app super easy to use and best design. loved it.,POSITIVE,0.9998630285263062,User Interface
5985,its the best ever,POSITIVE,0.9998552799224854,Other
5986,nice,POSITIVE,0.9998552799224854,Other
5987,excellent game changer App,POSITIVE,0.9998358488082886,Other
5988,I am highly excited by using this application and it is the most favorable as well as preferrable mobile app.,POSITIVE,0.9995176792144775,Other
5989,it seems me logging out within minutes,NEGATIVE,-0.9982207417488098,Other
5990,nice app especially GUI and I have got some error when you send within dashen bank the receipter is not get SMS notification,NEGATIVE,-0.9857989549636841,Other
5991,yes i want dashen super open,POSITIVE,0.9994350075721741,Other
5992,Best App,POSITIVE,0.999686598777771,Other
5993,faster than this version,POSITIVE,0.9991979002952576,Other
5994,"Best UI mobile banking app, props to design team",POSITIVE,0.9991565942764282,User Interface
5995,thank you,POSITIVE,0.9998352527618408,Other
5996,great app,POSITIVE,0.999821126461029,Other
5997,bad.,NEGATIVE,-0.9997698664665222,Other
5998,Dashen bank always one step ahead,POSITIVE,0.9996015429496765,Other
5999,dashen super app is secure band very easy,POSITIVE,0.9899651408195496,Other
6000,It is very fast and secured mobile banking app! I like this app!,POSITIVE,0.9995939135551453,Other
6001,best app I have ever seen,POSITIVE,0.9996102452278137,Other
6002,best of best,POSITIVE,0.9997496008872986,Other
6003,waw,NEGATIVE,-0.7346190214157104,Other
6004,best app,POSITIVE,0.999686598777771,Other
6005,Its slow when i try to see the Recent Transaction and stucked,NEGATIVE,-0.9992387294769287,Transaction Performance
6006,wowslnwoooo wowwww amazing !!!!!!!!,POSITIVE,0.9997221827507019,Other
6007,wow appl,POSITIVE,0.9994691014289856,Other
6008,why do i have to change a pin number i use my finger print so dummy,NEGATIVE,-0.9994646906852722,Other
6009,very nice,POSITIVE,0.9998563528060913,Other
6010,great,POSITIVE,0.9998630285263062,Other
6011,"It is very slow and it lacks many features to be a super app. High rating is given by their employees, not by the customers.",NEGATIVE,-0.9997708201408386,"Transaction Performance, Feature Requests"
6012,"Smooth and secure experience transfers, bill payments, and tracking expenses are all effortless. The intuitive design makes banking on the go.",POSITIVE,0.9996446371078491,"Transaction Performance, User Interface"
6013,Very easy and Fast.,POSITIVE,0.9995487332344055,Other
6014,Incomparably user-friendly and fast app for mobile banking.,NEGATIVE,-0.9392748475074768,Other
6015,"there is nothing super about this app, repeatedly failed transaction and wastes customer valuable time. if you have to do system upgrade do it at a time when there is less traffic demand. your Technical difficulty should not be reflected on customer.",NEGATIVE,-0.9993688464164734,Transaction Performance
6016,execellent,NEGATIVE,-0.9866806864738464,Other
6017,"This super app is a total game-changer‚Äîfast, reliable, and packed with everything I need in one place. It‚Äôs seamless and super convenient. Love it!""",POSITIVE,0.9998038411140442,Other
6018,All in One ‚úçÔ∏èsecure ‚úçÔ∏èreliable ‚úçÔ∏èconvenient. Digital banking game changer!!,NEGATIVE,-0.7598552107810974,Other
6019,it is incredible product.,POSITIVE,0.9998867511749268,Other
6020,"I'm really impressed with this app! It‚Äôs user-friendly, runs smoothly, and has all the features I need. Makes my tasks so much easier and saves me a lot of time. Highly recommended!",POSITIVE,0.9997783303260803,Feature Requests
6021,best app,POSITIVE,0.999686598777771,Other
6022,ok,POSITIVE,0.9997851252555847,Other
6023,"It's an amazing app, experience it!!",POSITIVE,0.9998760223388672,Other
6024,This is the best banking app ever. I recommend everyone to use it.,POSITIVE,0.9997599720954895,Other
6025,It is the best application!!!,POSITIVE,0.9998468160629272,Other
6026,"Exceptional digital experience, SupperApp will bring new paradigm shift in the banking business. Bravo Dashen keep it up!!!!",POSITIVE,0.9998323917388916,Other
6027,its features are so dynamic,POSITIVE,0.999643087387085,Feature Requests
6028,fast &Friendly user Application.,POSITIVE,0.9993237257003784,Other
6029,"Fast, Reliable and User Friendly. Keep it Up",POSITIVE,0.9997664093971252,Other
6030,"#dashen super app is easy to use, secure & fast transactionüòç",POSITIVE,0.9874821901321411,Transaction Performance
6031,i love this app esp 3 click that make e-commerce easier and convinient.,POSITIVE,0.9995126724243164,Other
6032,Dashen Super App contains extended selections for customers and can be easily accessible and also friendly to use.,POSITIVE,0.9990369081497192,Account Access Issues
6033,Great for everyday banking and payments on the go,POSITIVE,0.9998255372047424,Other
6034,"""Dashen Super App'' is impressive with its focus on simplicity, speed, and quality. The user interface is clean and easy to understand. Transactions process quickly, and the overall quality of the app is top-notch. A must-have for Dashen Bank customers. ·ã≥·à∏·äï ·â£·äï·ä≠ ·ä†·äï·ãµ ·ä•·à≠·àù·åÉ ·âÄ·ã≥·àö·ç¢",POSITIVE,0.9997794032096863,"Transaction Performance, User Interface"
6035,making transactions has never been easier. the new update is just amazing,POSITIVE,0.9998310804367065,Transaction Performance
6036,"The app has various usefull functions, which make easy the payment system. Also, it will connect with sellers having reasonable prices.",POSITIVE,0.9850904941558838,Other
6037,The app has great user interface with comprehensive payments and E-commerce platforms. And also it includes unique features such as chat Banking and budget.,POSITIVE,0.999284565448761,"User Interface, Customer Support, Feature Requests"
6038,betam mirt Ena betam le atikakem kelel Yale Ena michu application nw,NEGATIVE,-0.9886249303817749,Other
6039,Convenient!,POSITIVE,0.9936902523040771,Other
6040,It is an amazing application that meets the needs of customers.,POSITIVE,0.999864935874939,Other
6041,Effecting payment via the app has created convenience to the recipients in easily confirming the payments received!,POSITIVE,0.9731149673461914,Other
6042,the best Supper App ever,POSITIVE,0.999849796295166,Other
6043,"This is the best app ever, when is it planned to include digital lending and gasification?",POSITIVE,0.9990382194519043,Other
6044,"A powerful, local solution that rivals any global app. I love how easy it is to explore services and products.",POSITIVE,0.999815046787262,Other
6045,Dashen bank is my number one choice,POSITIVE,0.9996331930160522,Other
6046,Assefa Genetu = Dashen superup is the latest and inclussive .I am happy with this super up.,POSITIVE,0.9994714856147766,Other
6047,"The App is incredibly user-friendly and brings multiple services into one place. It's fast, intuitive, and makes daily tasks super convenient. A true all-in-one solution!",POSITIVE,0.9991614818572998,User Interface
6048,"Proudly made in Ethiopia, this innovation delivers more than promised. The marketplace is a major boost for local commerce",POSITIVE,0.9998248219490051,Other
6049,it so fanrastic and user friendly app. Bravo Dashen bank thanks.,POSITIVE,0.9990429282188416,Other
6050,"one of the best digital platforms I've used! from smooth transactions to a seamless shopping experience, highly recommended.",POSITIVE,0.9997945427894592,Transaction Performance
6051,A proudly Ethiopia innovation that delivers beyond expectations. The marketplace feature is a big win for local shoppers bnd sellers,POSITIVE,0.9997891783714294,Feature Requests
6052,"Dashen Super App is a game-changer! It‚Äôs fast, user-friendly, and packed with features that make everyday banking and transactions super convenient. I love how everything I need from mobile banking to utility payments is all in one place. The interface is clean, and everything works smoothly. Definitely one of the best apps out there. Highly recommended!",POSITIVE,0.9998010993003845,"Transaction Performance, User Interface, Feature Requests"
6053,Easy to use and has many options. It is the best financial app I have ever used.,POSITIVE,0.9997546076774597,Feature Requests
6054,"Highly impressed! Dash Bank really nailed it with this app. Secure, reliable, and packed with features I use daily",POSITIVE,0.9998537302017212,Feature Requests
6055,"One of the best digital platforms I‚Äôve used! From smooth transactions to a seamless shopping experience, Highly recommended",POSITIVE,0.9997860789299011,Transaction Performance
6056,"This app has everything I was looking for, dashen is becoming a grandmaster.",POSITIVE,0.9995651841163635,Other
6057,Very convenient,POSITIVE,0.9988445043563843,Other
6058,"The user experience is seamless, and everything just works perfectly right out of the box. I can‚Äôt believe how much time and effort it saves me every day.",POSITIVE,0.9997797608375549,Other
6059,wawwwww what nice super app !!keep it up dashen bank !!,POSITIVE,0.9991359114646912,Other
6060,"Dashen SuperApp the ultimate all-in-one solution! From banking and shopping to bill payments, everything you need is right at your fingertips. Life just got a whole lot easier!",POSITIVE,0.9991750121116638,Other
6061,"It is,really super because of its unique offerings to individuals and businesses.It is a secure UX first app intended to cater comprehensive digital meeds.I am also happy to know that Dashen is considering to make the app more inclusive by lowering the mobile version requirements .",POSITIVE,0.9995538592338562,Other
6062,"the very easy, secured, fast and multifunctional dashen supper application I ever seen. dashen really one steps ahead!!!",POSITIVE,0.9982724189758301,Other
6063,"One app for everything! I can shop, manage my bank account , and do so much more . Truly a super app",POSITIVE,0.9994187355041504,Other
6064,one of the best digital platforms I‚Äôve used! From smooth transactions to a seamless shopping experie,POSITIVE,0.9995588660240173,Transaction Performance
6065,"Dashen Bank super App is the most suitable, reliable, and fast digital banking system.",POSITIVE,0.9992392063140869,Other
6066,Excellent app.,POSITIVE,0.9998461008071899,Other
6067,This is what we call banking app. As professional I want banking app as simple as this and an app rich of features that align with my lifestyle.,POSITIVE,0.9991500377655029,Feature Requests
6068,thanks again,POSITIVE,0.9998217225074768,Other
6069,Super Easy To Use and Fast Transaction.,POSITIVE,0.996877908706665,Transaction Performance
6070,"I have an incredible experience with Dashen super app, what an amazing platform is it?. keep pioneering in technological advancement üëèüëèüëè",POSITIVE,0.999527096748352,Other
6071,"i can't recommend the Dashen Super App enough! This app is truly a game changer for anyone looking for a seamless and efficient way to manage their daily life. It combines multiple essential services into one easy-to-use platform, saving time and simplifying tasks The user interface is modern, intuitive, and super responsive, making navigation a breeze. Whether it's banking, payment services, or accessing lifestyle features, everything is just a few clicks away!!",POSITIVE,0.9953939914703369,"Account Access Issues, User Interface, Feature Requests"
6072,"The app is incredibly handy for managing multiple financial tasks, from bill payments to managing budgets. It‚Äôs saved me a lot of time and made banking way more convenient. Definitely worth checking out!",POSITIVE,0.9982413053512573,Other
6073,what an App,POSITIVE,0.9938238859176636,Other
6074,The new e-commerce feature is incredibly amazing and user friendly.,POSITIVE,0.9998598098754883,Feature Requests
6075,"dashen bank supper app is the most easy to use and have high speed,quality and I like features like chat,budget,fuel payment, and security for my opinion this product is techonolgy edge,this international standard thanks for product oweners (dashen bank)",POSITIVE,0.9974797368049622,"Customer Support, Feature Requests"
6076,"The Dashen supperapp is a revolutionary advancement in digital banking, combining exceptional usability, an intuitive interface and a seamless user experience. among its standout features are the integration of QR codes, account statement, transaction advise, chat, transaction authentication for limit thresholds, budgeting and different app in a single dashboard. Truly ahead of the curve ..... keep up the excellent work ü§ùüëè",POSITIVE,0.9997472167015076,"Transaction Performance, User Interface, Customer Support, Feature Requests"
6077,"A proudly Ethiopian innovation that delivers beyond expectations. The marketplace feature is a big win for local shoppers and sellers. Very impressed with the new updates, The e-commerce section is smooth and supports Ethiopian merchants!",POSITIVE,0.9998795986175537,"Customer Support, Feature Requests"
6078,"Very impressed with the new updates, The e-commerce section is smooth and supports Ethiopian merchants.",POSITIVE,0.9998557567596436,Customer Support
6079,"Dashen Bank Super App is fast, reliable, and super easy to use. All my banking needs are handled smoothly in one place. Clean design and seamless experience ‚Äì highly recommended!",POSITIVE,0.9997962117195129,User Interface
6080,"Db sup app is A platform or an application that can grasp more satisfactions through fastest mode of operation which means for budget planning, to use QR code(scan, pay, go) chat with staff, acc to acc other bank ft, merchant payment, and easly. I addition to i satisfied and i invite everyone to use those platform!!.",POSITIVE,0.8947909474372864,"Customer Support, Feature Requests"
6081,the chat banking and unique and only app that alow money request!!,NEGATIVE,-0.9822685718536377,Customer Support
6082,Better and inclusive app!,POSITIVE,0.999285876750946,Other
6083,Amazing Application,POSITIVE,0.9998698234558105,Other
6084,It keep my time to pay my bills and I generate my satment easily,POSITIVE,0.996675968170166,Other
6085,"It's an amazing app that is up-to-date with the times, wow wow",POSITIVE,0.9998683929443359,Other
6086,A game-changing Ethiopian innovation‚Äîwhere shopping meets opportunity. The marketplace feature connects buyers and sellers like never before.,POSITIVE,0.9993858337402344,Feature Requests
6087,"Dashen Super App isn‚Äôt just an app ‚Äî it‚Äôs an experience. Effortless, powerful, and built for the future",POSITIVE,0.9997283816337585,Other
6088,"This Is An Amazing App with Uniqe Quality,Easy And Fast Mobile Banking App.",POSITIVE,0.9997382760047913,Other
6089,"Dashen SuperApp is a lifesaver! Banking, shopping, and bills in one super easy app. The new e-commerce feature is awesome and supports local merchants. Fast, secure, and proudly Ethiopian.Download it now‚Äîyou won‚Äôt regret it!",POSITIVE,0.9996484518051147,"Customer Support, Feature Requests"
6090,"Dashen SuperApp blends finance, shopping, and daily services effortlessly. The new e-commerce feature is smooth and supports local merchants‚Äîproud to back an Ethiopian-made solution!",POSITIVE,0.9998247027397156,"Customer Support, Feature Requests"
6091,"A solid step forward by Dashen Bank. The SuperApp combines essential banking features with lifestyle services, making everything accessible in one place. The interface is smooth, and transactions are quick and reliable. It‚Äôs clear a lot of thought went into the design and functionality. Great job!",POSITIVE,0.9998260140419006,"Account Access Issues, Transaction Performance, User Interface, Feature Requests"
6092,Dashen bank super app is the crucial and convenient app in Ethiopia. there is no other app to compare with Dashen bank super app,POSITIVE,0.9817667603492737,Other
6093,"All-in-one finance & e-commerce super app! Pay, save, shop seamlessly. Fast, secure. #BankAndShop",POSITIVE,0.9943593144416809,Other
6094,it's a hestorical app. in the bank industry.,NEGATIVE,-0.9915915727615356,Other
6095,"A game changer in Ethiopian digital banking fast, secure, and packed with services. Everything you need, all in one powerful app. A true leap toward financial convenience and innovation!",POSITIVE,0.9996839761734009,Other
6096,"easy &,simple to use",POSITIVE,0.9968307614326477,Other
6097,"Banking, but make it smart. Local solutions, all in one place. Smooth, fast, and actually saving time. Feels like the future. Love it!",POSITIVE,0.9998811483383179,Other
6098,"All in one, that is it üëå",POSITIVE,0.8945456147193909,Other
6099,", Dashen Bank Supper App is multipurpose, convenient, very attractive and Make life easier",POSITIVE,0.9995104074478149,Other
6100,very easy and flexible app.,POSITIVE,0.9997106194496155,Other
6101,"I choose Dashen Bank Super Up since, it is easy to use & it has attractive features !",POSITIVE,0.9998281002044678,Feature Requests
6102,dashen super app is simple faster and reliable.,POSITIVE,0.999518632888794,Other
6103,"Dashen Bank Super App is a game-changer! The user-friendly design, wide range of services, and smooth performance make it incredibly convenient for everyday banking. It‚Äôs fast, secure, and truly reflects the bank‚Äôs commitment to digital excellence. Highly recommended!",POSITIVE,0.999748170375824,User Interface
6104,"The app keeps getting better with every update! Smooth performance, great UI, and top-notch security. Thank you for making banking so convenient!""",POSITIVE,0.9995062351226807,Other
6105,this app is the most simply to use and secure safe i love it to use for any bank transaction,POSITIVE,0.9964408278465271,Transaction Performance
6106,"After i download the app recently had a smooth expriance, its user friendly, fast, and everything works as expected. keep up the good work.",POSITIVE,0.9997468590736389,Other
6107,An app with High performance and advanced features!,POSITIVE,0.9995831847190857,Feature Requests
6108,"It is a very user friendly, attractive user interface, full of useful features. I really encourage everyone to give it a try.",POSITIVE,0.9997954964637756,"User Interface, Feature Requests"
6109,"Good actually , but it have to WORK when developer option is on üôè",NEGATIVE,-0.9746390581130981,Feature Requests
6110,"All-in-one convenience, From managing accounts to paying bills and shopping online and the chat banking is game changer, this app does it all seamlessly.",POSITIVE,0.9981800317764282,Customer Support
6111,I appreciate that Dashen Bank takes lifestyle services into account.,POSITIVE,0.9980393052101135,Other
6112,keep it up!,POSITIVE,0.9998477697372437,Other
6113,amazing app really i loved it .that's why we say dashen bank is one stap ahead. It's the best mobile application that should be on every phone.,POSITIVE,0.9998038411140442,Other
6114,very comfortable app keep it,POSITIVE,0.999691367149353,Other
6115,it has clear detail information about the application so it helps customer how to use the app. and it is very easy to use and also app is secure.,POSITIVE,0.999531626701355,Customer Support
6116,"I have been using the Dashen Supper app mobile banking app , and overall, I appreciate its features.However,I‚Äôve noticed that when I turn on the developer options on my device, the app stops functioning properly. It would be great if you could look into this issue, as I often need to access developer settings for other applications . Thank you for your attention to this matter!",NEGATIVE,-0.9068729877471924,"Account Access Issues, Feature Requests"
6117,easiness to use with fast response time,NEGATIVE,-0.964725911617279,Customer Support
6118,"The new mobile banking application is a major upgrade! It‚Äôs incredibly user-friendly, with a clean and modern design that makes navigation simple and intuitive. I really appreciate how fast it loads and how smooth the overall experience is. All essential services like balance checks, transfers, and bill payments are eas y to find and use. The added security features give me peace of mind, and the app runs reliably without crashes or glitches. It‚Äôs clear a lot of thought went into the user experi",POSITIVE,0.9992745518684387,"Transaction Performance, User Interface, Feature Requests"
6119,"As an Internal Customer, Dashen Bank SuperApp has greatly simplified my online banking experience. It's easy to use, allowing me to quickly check balances, transfer money and pay Bills. The app's advanced security features are highly secure, ensuring my data is well protected. The Three click, Chat Banking and IPS features have also given me a smarter experience. In deed Dashen Bank is always steping ahead!",POSITIVE,0.9990044236183167,"Transaction Performance, Customer Support, Feature Requests"
6120,"A truly impressive app ‚Äî user-friendly and a game-changer in Ethiopian banking. The Dashen Super App stands out as one of the most innovative and convenient digital banking solutions in Ethiopia‚Äôs financial history. Smooth navigation, seamless features, and a wide range of services all in one place. Well done!",POSITIVE,0.9998193383216858,"User Interface, Feature Requests"
6121,dashen bank super up has very fast and convenience and also it has contain more things on one app .I am very interesting to use dashen bank super up,POSITIVE,0.9974090456962585,Other
6122,"The Dashen Bank Super App has truly elevated my mobile banking experience. It's fast, user-friendly, and packed with all the essential features. The interface is clean and intuitive, making navigation easy even for first-time users. I also appreciate the added security features that give me peace of mind while banking on the go. Dashen Bank has done an amazing job with this app‚Äîit‚Äôs reliable, efficient, and always improving. Highly recommended for anyone looking for seamless digital banking!",POSITIVE,0.9998351335525513,"User Interface, Feature Requests"
6123,A fantastic product!! keep the good work.,POSITIVE,0.9998842477798462,Other
6124,"I am very impressed with the Dashen super app. It is user-friendly and operates efficiently. The budget and chatbot features are impressive, and all items can be purchased with just three clicks.",POSITIVE,0.9998030066490173,"Customer Support, Feature Requests"
6125,"The Dashen Super App offers a quick and user-friendly experience, bringing together a variety of services, like budgeting, payments, airtime recharges, and more, all in one convenient platform. Its sleek design and intuitive navigation ensure effortless transactions. It's evident that Dashen Bank has carefully crafted the app to make everyday financial activities easier. A great choice for anyone aiming to streamline their digital routines!",POSITIVE,0.999062716960907,"Transaction Performance, User Interface"
6126,Dashen supper App is the most useful app for our customers,POSITIVE,0.9988586902618408,Other
6127,it is the most amazing mobile app,POSITIVE,0.9998717308044434,Other
6128,A Good and fast supper app thanks for dashen bank,POSITIVE,0.9997884631156921,Other
6129,"Dear Users of the Dashen Bank Super App,I have been using the Dashen Bank Super App for a while now, and I must say‚Äîit‚Äôs truly a game-changer! The app is incredibly fast and reliable; I‚Äôve never encountered any delays with my transactions. One feature I absolutely love is Chat Banking. It makes everyday tasks like checking my balance or transferring money as simple as sending a quick message. Also, the budgeting tool has been a huge help in tracking my spending and giving me a clearer",POSITIVE,0.9993189573287964,"Transaction Performance, Customer Support, Feature Requests"
6130,Too best,POSITIVE,0.8775475025177002,Other
6131,"Dashen Bank Super Up,use the app and makes your easy,fast,convinent.",POSITIVE,0.9985912442207336,Other
6132,To join digital world use supper app and make your life easy,POSITIVE,0.987091064453125,Other
6133,best mobile banking application,POSITIVE,0.9996380805969238,Other
6134,"This banking superapp is incredibly well designed. The design and appearance of the app and the overall experience I have when using the app is fantastic. The app is packed with features from banking to e-commerce all in one place.It even has a budget setting option which is super useful for managing my money. Everything runs smoothly and I love how convenient it has made my daily life. Huge Kudos to Dashen Bank. You are truly living up to the motto ''Always one step ahead."" Keep it up!",POSITIVE,0.9998156428337097,"User Interface, Feature Requests"
6135,I was really amazed by the idea of an e-commerce service on a banking app. This is what it means to be one step ahead. Please include all kinds of products in there as soon as possible.,POSITIVE,0.9981945157051086,Other
6136,this is what we expect to get service Dashen Bank always like his slogan,NEGATIVE,-0.8835364580154419,Other
6137,"Dashen SupApp is the most contemporary application, offering a great experience by enabling users to perform multiple tasks through a single platform‚Äîsuch as chatting with friends, transferring money, paying bills, and more. It is the first app of its kind in the Ethiopian banking industry, making it a remarkable opportunity for entrepreneurs working in app-based sales and software marketing. Good job, Dashen Bank!",POSITIVE,0.9997934699058533,"Transaction Performance, Customer Support"
6138,Dashen Super App gives me an amazing convenience and makes life easy.,POSITIVE,0.999823272228241,Other
6139,excellent mobile banking app,POSITIVE,0.9998179078102112,Other
6140,Wow! like his name Super App...,POSITIVE,0.9985873699188232,Other
6141,Dashen supper app is the most special. ·ã≠·àù·âæ·â± ·ã≠·àà·ã´·ã´·àç!!!!,POSITIVE,0.9926958084106445,Other
6142,convenient and fast,POSITIVE,0.9996170997619629,Other
6143,Best- in-class app.,POSITIVE,0.999584972858429,Other
6144,I really like this amazing application and Dashen Supper app that has made my life easier.,POSITIVE,0.9997171759605408,Other
6145,Superb,POSITIVE,0.9998656511306763,Other
6146,"amazing features, faster and easy to use",POSITIVE,0.9998817443847656,Feature Requests
6147,"The Dashen Super App offers a modern, user-friendly experience that leverages the latest technological advancements to deliver a seamless e-commerce platform",POSITIVE,0.999481737613678,Other
6148,Best App!,POSITIVE,0.9997498393058777,Other
6149,I love it. one of the best mobile banking app in the banking industry,POSITIVE,0.9998683929443359,Other
6150,I love this app,POSITIVE,0.9998608827590942,Other
6151,no working for me hulum information asgebiche continue or accept yemilew button ayeseram my phone is Samsung A51,NEGATIVE,-0.9980541467666626,Other
6152,good,POSITIVE,0.9998161196708679,Other
6153,waw no idea the best app.,NEGATIVE,-0.9923465251922607,Other
6154,fast best app,POSITIVE,0.999737560749054,Other
6155,Nice App,POSITIVE,0.9998061060905457,Other
6156,nice app ever,POSITIVE,0.9998384714126587,Other
6157,good,POSITIVE,0.9998161196708679,Other
6158,very disappointing app. Closes frequently and unstable in function,NEGATIVE,-0.9997677206993103,Other
6159,"Feature-rich? Absolutely. But the speed? Painfully slow. Seriously, is it communicating with a server on Mars or something?",NEGATIVE,-0.9992289543151855,"Transaction Performance, Feature Requests"
6160,nic app,POSITIVE,0.9797857403755188,Other
6161,Nice,POSITIVE,0.9998552799224854,Other
6162,"The Dashen Super App delivers a remarkably fast, highly secure, and exceptionally user-friendly experience, establishing it as a leading application in its category.keep it up and stay ahead Dashen Bank.",POSITIVE,0.9997890591621399,Other
6163,So far so good! their in person customer service is amazing üëè,POSITIVE,0.9998642206192017,Other
6164,The app is very backward and doesn't always work. If it works three hours out of 24 hours it's great!üò•,NEGATIVE,-0.9958032965660095,Other
6165,·àù·à≠·å´·ã¨ ·äê·ãç,NEGATIVE,-0.7850580215454102,Other
6166,It's bad for the connection and too many days are it that not working,NEGATIVE,-0.9996840953826904,Other
6167,it's samart,POSITIVE,0.9992457628250122,Other
6168,"The app is not working properly, I have been using it.",NEGATIVE,-0.999715268611908,Other
6169,it is very good app,POSITIVE,0.9998699426651001,Other
6170,"I had a disappointing experience with Dashen Bank's Super Up service. The app is very slow and takes forever to load during transactions, which is incredibly frustrating. Additionally, it doesn't generate receipts for any transactions, making it difficult to keep track of my expenses. I also reached out to customer support, but the response time was longer than expected. Overall, I was hoping for a better experience, but I find the service lacking and in need of improvement.",NEGATIVE,-0.9996039271354675,"Transaction Performance, Customer Support, Feature Requests"
6171,slow cumbersome,NEGATIVE,-0.9997989535331726,Transaction Performance
6172,Is really üíÄ,POSITIVE,0.9858712553977966,Other
6173,It's slow to send OTP. it's not reliable. It crushed many times. It needs improvement in many ways,NEGATIVE,-0.9997294545173645,Transaction Performance
6174,"This is the worst mobile banking experience I‚Äôve ever had. It doesn‚Äôt work when you need it, and it randomly updates itself without warning. You can‚Äôt make transactions whenever you want. It‚Äôs a nightmare for anyone who relies on this as their main banking option, especially those with a lot of money in their account. I‚Äôm lucky I‚Äôm not one of them, but still, it‚Äôs infuriating not being able to access your money when you need it.""l",NEGATIVE,-0.9996976852416992,"Account Access Issues, Transaction Performance, Feature Requests"
6175,"I have experienced on using the app of Banks in Ethiopia, this Dashen sup is like old version of the applications for using. I gave 3 star for it's very low speed while login and processing",NEGATIVE,-0.9981010556221008,Account Access Issues
6176,proud by dashen bank,POSITIVE,0.9998666048049927,Other
6177,best,POSITIVE,0.9997941851615906,Other
6178,best of best,POSITIVE,0.9997496008872986,Other
6179,nice,POSITIVE,0.9998552799224854,Other
6180,This app is not working unless you turn off developer mode on your phone. So it takes your rights to just use it.,NEGATIVE,-0.9994447827339172,Other
6181,real super up,POSITIVE,0.9998282194137573,Other
6182,it's very disappointing fix it as soon as possible not expected from dashin bank fix it,NEGATIVE,-0.9993618130683899,Other
6183,why dashen bank workers hidden my ATM Card üèß?it's a big problem to me,NEGATIVE,-0.999297022819519,Other
6184,good,POSITIVE,0.9998161196708679,Other
6185,tanku,NEGATIVE,-0.9159653186798096,Other
6186,very nice,POSITIVE,0.9998563528060913,Other
6187,perfect,POSITIVE,0.9998517036437988,Other
6188,goood,NEGATIVE,-0.9943867921829224,Other
6189,why does it ask me for both pin and opt even the opt is touch let alone both,NEGATIVE,-0.9958769083023071,Other
6190,it is best app easy to use,POSITIVE,0.9864111542701721,Other
6191,It is very easy to use and powerful application.,POSITIVE,0.9997655749320984,Other
6192,this apps have a good feature but but some features like developer mode turn off irritate user,NEGATIVE,-0.997230589389801,Feature Requests
6193,"This is not only a mobile banking app, it is beyond that. We will access our account easily, we are able to get many information easily here. i.e. exchage rate. We are able to chat with others, we are able to budget, we are able to transfer to other bank and within Dashen. we are able to access many accounts in a single app, we are able to pay bills in QR scan, we are able to make payments and order delivery items here in a single app. #Always one step ahead.",POSITIVE,0.9897826910018921,"Account Access Issues, Transaction Performance, Customer Support"
6194,wallahi very fantastic Bank,POSITIVE,0.999818742275238,Other
6195,"Waw, It's amazing app. thank you Dashen Bank.",POSITIVE,0.99986732006073,Other
6196,ok,POSITIVE,0.9997851252555847,Other
6197,nice app,POSITIVE,0.9998061060905457,Other
6198,"I‚Äôve been using the Dashen Bank Super App for a while now, and it‚Äôs been a game-changer. The app is super fast and reliable‚ÄîI‚Äôve never had an issue with transactions being delayed. One of my favorite features is the chat banking, which makes it so easy to do things like check my balance or transfer money just by typing a quick message. The budgeting tool is also really useful. It helps me keep track of my spending and gives me a clear picture of where",POSITIVE,0.9992021918296814,"Transaction Performance, Customer Support, Feature Requests"
6199,good,POSITIVE,0.9998161196708679,Other
6200,nice application,POSITIVE,0.9998229146003723,Other
6201,Very good app that like it too. B/c it is very fast and easy to use.,POSITIVE,0.9998027682304382,Other
6202,best experiences,POSITIVE,0.9992781281471252,Other
6203,too slow to use.,NEGATIVE,-0.9997276663780212,Transaction Performance
6204,·å•·à© ·äê·ãç,NEGATIVE,-0.7850580215454102,Other
6205,the worst app in the market only good ui,NEGATIVE,-0.9997721314430237,Other
6206,nic,POSITIVE,0.9977141618728638,Other
6207,·â†·å£·àù ·âÖ·àç·àç ·ã´·àà ·ä†·çï ·â†·à≠·â±·àç·äï ·àà·ä†·å†·âÉ·âÄ·àù ·àù·âπ,NEGATIVE,-0.9200406074523926,Other
6208,thanks for all digital transaction,POSITIVE,0.9994550347328186,Transaction Performance
6209,Good,POSITIVE,0.9998161196708679,Other
6210,Best,POSITIVE,0.9997941851615906,Other
6211,Good,POSITIVE,0.9998161196708679,Other
6212,"This app is not supporting smart phones that have old android version and so it is none inclusive. At the same time the amole lite is not working properly and once you reached to maximum otp trail mistakes due to network or other errors like stacks , you will be tied up to make Transactions. Ohh... tired!!!!!",NEGATIVE,-0.9997400641441345,"Transaction Performance, Customer Support"
6213,it's Be Come Busy &not working good,NEGATIVE,-0.9993822574615479,Other
6214,I wanted to share some concerns about your Supper App. It appears to be experiencing reliability issues and isn‚Äôt performing as expected. I hope this can be addressed soon to improve the user experience. One star üåü for now.,NEGATIVE,-0.9980534315109253,Feature Requests
6215,"best ever digital banking sector essay for understanding ,smart and convince for using",POSITIVE,0.9997392296791077,Other
6216,good and latest,POSITIVE,0.9998561143875122,Other
6217,The best App of all,POSITIVE,0.9998633861541748,Other
6218,Worst app ever,NEGATIVE,-0.9997803568840027,Other
6219,"This app is the most unreliable mobile banking application I have ever used for transaction, it is very late, non-responsive and full of bugs. Its is very disappointing. It is just inconvinient, and not user friendly and compatabke at all !!!!!!",NEGATIVE,-0.9997894167900085,Transaction Performance
6220,Naiycapp,POSITIVE,0.8075160384178162,Other
6221,Good,POSITIVE,0.9998161196708679,Other
6222,The app is good but it has no USSD option,NEGATIVE,-0.9952346682548523,Feature Requests
6223,Hey great,POSITIVE,0.999745786190033,Other
6224,I have used many mobile banking and also tellebir and mpesa nothing come close to this app. Well done Dashen indeed one step a head. A lot of cool features that amole hasn't the receipt and the account statement is superb for me. I hope you add more integrated small apps to.,POSITIVE,0.9984980821609497,Feature Requests
6225,The app is good but it ask update every week so tiring,NEGATIVE,-0.9951795339584351,Other
6226,It good and easy to use,POSITIVE,0.9998750686645508,Other
6227,·â†·å£·àù ·ä†·à™·çç ·àò·â∞·åç·â†·à™·ã´ ·äê·ãç ·ç¢ ·ä†·àò·à†·åç·äì·àà·àÅ ·ç¢,NEGATIVE,-0.9200406074523926,Other
6228,"Greately improved since it was released! I really like the budget and expense tegistration feature. For ATM or POS withdrawals, it is not possible to account these expenses, even if it is visible on the transactions window. If that can be worked on, it will be improve so much!!",POSITIVE,0.9655699133872986,"Transaction Performance, Feature Requests"
6229,Excellent,POSITIVE,0.9998434782028198,Other
6230,Good,POSITIVE,0.9998161196708679,Other
6231,Wow Excellent app,POSITIVE,0.9998443126678467,Other
6232,Nice app but i experience some issues with others banks transfer it keeps saying account is not exist most of the time.,NEGATIVE,-0.9983522891998291,Transaction Performance
6233,Add the option to send money to any telebirr account like amole does.,NEGATIVE,-0.995681881904602,Feature Requests
6234,It's best,POSITIVE,0.999842643737793,Other
6235,no one dashen yichlal,NEGATIVE,-0.9842472076416016,Other
6236,In short ! I'm so proud of this app developers for their highest professional of developing. Thanks,POSITIVE,0.9998522996902466,Other
6237,The speed is too slow. Need some improvements.,NEGATIVE,-0.9997935891151428,Transaction Performance
6238,good app,POSITIVE,0.9998493194580078,Other
6239,Fantastic app,POSITIVE,0.9998588562011719,Other
6240,Good,POSITIVE,0.9998161196708679,Other
6241,I wish dark mode feature is add as an option but it's good app,POSITIVE,0.9998013377189636,Feature Requests
6242,"Super Up is the ultimate digital banking app, living up to its name with speed, efficiency, and innovation. Designed for a seamless experience, it offers lightning-fast transactions, top-tier security, and effortless financial management. With Super Up, banking has never been this smooth, smart, and super!",POSITIVE,0.9995073080062866,"Transaction Performance, User Interface"
6243,"The Dashen Super App is a game-changer in digital banking, offering a seamless and convenient experience. With its user-friendly interface, fast transactions, and a wide range of financial services, it simplifies banking for customers. Features like bill payments, fund transfers, mobile top-ups, and loan applications make it an all-in-one solution. Plus, its security measures ensure safe and reliable Experiance effortless banking",POSITIVE,0.9977291226387024,"Transaction Performance, User Interface, Feature Requests"
6244,·ä®·å∞·äê·å®·ã®·å†,NEGATIVE,-0.6970561742782593,Other
6245,"It has good feature. But, it is Very Slow! difficult to pay or receive. The Speed should be improved, else I didn't recommend.",NEGATIVE,-0.9960646033287048,"Transaction Performance, Feature Requests"
6246,Excellent app,POSITIVE,0.9998356103897095,Other
6247,·ä†·çï·àç·ä¨·àΩ·äë ·ä†·à™·çç ·àÜ·äñ ·à≥·àà ·â¥·àå·â•·à≠ ·ãà·ã∞·à´·àµ ·â•·âª ·àà·àù·äï ·àÜ·äê ·ä•·äï·ã∞ ·ãµ·àÆ·ãç ·àà·à∞·ãç·àù ·àò·àã·ä≠ ·â¢·âª·àç,NEGATIVE,-0.9528432488441467,Other
6248,No good,NEGATIVE,-0.9996987581253052,Other
6249,Wow amazing app,POSITIVE,0.9998513460159302,Other
6250,best platform... Please avoid otp,POSITIVE,0.9228953123092651,Other
6251,Super smart app.,POSITIVE,0.9997984766960144,Other
6252,best üëçüëç,POSITIVE,0.9997019171714783,Other
6253,I don't know what happens but the application is not send verification pass code you should fix that,NEGATIVE,-0.9973721504211426,Other
6254,This app doesn't work on my phone my phone is Samsung Galaxy s7 android version 9 All other financial apps work like telebirr CBE M_pesa...,NEGATIVE,-0.9974337220191956,Other
6255,"Dashen Super app is secure, very easy to use and has more services uniquely like budgeting, chat, IPS...",POSITIVE,0.9937819838523865,Customer Support
6256,Amazing and user friendly supper app and looking forward the additional features,POSITIVE,0.9998486042022705,Feature Requests
6257,it's amazing app i have seen ever,POSITIVE,0.9998574256896973,Other
6258,One star deducted for not to able to transfer to telebirr.,NEGATIVE,-0.9903808236122131,Transaction Performance
6259,·å•·à© ·äê·ãç ·åç·äï ·â†·ã∞·äï·â• ·àä·à∏·àª·àç ·ã≠·åà·â£·àç,NEGATIVE,-0.9046949148178101,Other
6260,·çç·å•·äê·â± ·â†·å£·àù ·ä†·à™·çç ·äê·ãç! ·ä•·äì ·âÄ·àà·àç ·ã´·àà ·äê·ãç ! ·äê·åà·à≠ ·åç·äï ·â∞·å®·àõ·à™ ·ãà·ã∞ ·â¥·àå·â•·à≠ ·ä§·åÄ·äï·âµ ·àò·àã·ä™·ã´ ·ä†·çï ·â¢·ä´·â∞·âµ·â†·âµ ·å•·à© ·äê·ãç::,NEGATIVE,-0.9328103065490723,Other
6261,Keep up the good work and pleas add water and electric utility payment,POSITIVE,0.9986761212348938,Feature Requests
6262,The app missed some important features 1. It does't show recent transactions 2. Transfer to Telebirr limited to own telebirr 3. The statement does't show running balance,NEGATIVE,-0.9995891451835632,"Transaction Performance, Feature Requests"
6263,"Simple, Fast and Easy ‚≠ê‚≠ê‚≠êüéâ",POSITIVE,0.9996811151504517,Other
6264,"·ã®·àö·åà·à≠·àù aplication ·äê·ãç, ·äê·åà·à≠ ·åç·äï ·â•·à≠ ·âµ·à´·äï·àµ·çà·à≠ ·à≤·ã∞·à®·åç ·ã´·àà ·çí·äï ·àò·àÜ·äë risk ·ä†·àà·ãç ·àÅ·àâ ·åä·ãú ·ã® ·âµ·à´·äï·àµ·çà·à≠ ·àò·ã∞·àù·ã∞·àö·ã´ ·çí·äï ·àò·àÜ·äï ·ä†·àà·â†·âµ!!!!!!!!!!!!:: ·ä†·à± ·â¢·àµ·â∞·ä´·ä®·àç 5 star ·ä†·àµ·ä®·ãõ·ãç ·åç·äï 4 ·à∞·å•·âª·àà·ãç::",NEGATIVE,-0.8565712571144104,Other
6265,Baankii daashin baankii hudna galeessa galatoomaa isinii woliin jirra Godina jimmaa magaalaa Aggaaroo irraa Muaz Abamecha Abamilki,NEGATIVE,-0.9961472749710083,Other
6266,Good,POSITIVE,0.9998161196708679,Other
6267,It doesn't work,NEGATIVE,-0.9997813105583191,Other
6268,"#Dashen Super App; Super easy to use, secure, and fast transaction. Love it!",POSITIVE,0.9998102784156799,Transaction Performance
6269,"I tried the new Dash Bank Super App today, and it's amazingly easy and fun.I recommend you download and use it. You really like it",POSITIVE,0.9998507499694824,Other
6270,Gud app kegza ga mezmn endze new aind ermjh kedme nachu hlam,NEGATIVE,-0.9852219223976135,Other
6271,"Good app, bad security",POSITIVE,0.9893004298210144,Other
6272,On Transaction page only show sent Transaction. Try to include received transaction.,NEGATIVE,-0.9956958293914795,Transaction Performance
6273,Wonderful Application üòç,POSITIVE,0.9998589754104614,Other
6274,I loved it,POSITIVE,0.9998809099197388,Other
6275,·ä†·àÅ·äï ·åà·äì ·ä†·äï·ãµ ·ä•·à≠·àù·åÉ ·âÄ·ã∞·àõ·âΩ·ãç,NEGATIVE,-0.8832126259803772,Other
6276,I am so thankful for having this best app Dashen one step ahead,POSITIVE,0.999471127986908,Other
6277,Not good this app,NEGATIVE,-0.9997790455818176,Other
6278,Best app,POSITIVE,0.999686598777771,Other
6279,Excellent app ever but it needs improvement on speed and transaction lists,NEGATIVE,-0.990936815738678,Transaction Performance
6280,Perfect,POSITIVE,0.9998517036437988,Other
6281,"It does not work functional ,",NEGATIVE,-0.9997901320457458,Other
6282,Ok,POSITIVE,0.9997851252555847,Other
6283,all of dashen bank customers use the application it is good to use,POSITIVE,0.9958037734031677,Other
6284,Gret experience,NEGATIVE,-0.7600294947624207,Other
6285,All good we need more,POSITIVE,0.9996538162231445,Other
6286,"Dashen super app is easy to use, fast and robust",POSITIVE,0.9997517466545105,Other
6287,it was amazing app.....thank you dashen bank....,POSITIVE,0.9998608827590942,Other
6288,Dashen bank super app for easy life.,POSITIVE,0.7723062038421631,Other
6289,Excellent UI/UX and beyond Banking servicesüëçüëç,POSITIVE,0.9995208978652954,Other
6290,Send to oher bank ·ã®·àö·àà·ãâ ·ãâ·àµ·å• ·åà·â•·â∞·äï ·ãà·ã∞ addisinternational bank ·àà·àò·àã·ä≠ ·ä†·ã≠·à∞·à´·àù ·àÅ·àà·â∞·äõ ·ã∞·åç·àû ·ãà·ã∞ cbe birr ·àà·àò·àã·ä≠ account number ·ã≠·å†·ã≠·âÉ·àç ·àû·â£·ã≠·àç ·äê·â†·à≠ ·äê·ãâ ·àò·å†·ã®·âÖ ·ã´·àà·â†·âµ ·ã≠·àò·àµ·àà·äõ·àç,NEGATIVE,-0.9945861101150513,Feature Requests
6291,Best,POSITIVE,0.9997941851615906,Other
6292,Just Wow,POSITIVE,0.999775230884552,Other
6293,mobile banking to the next level,POSITIVE,0.9409880042076111,Other
6294,Nice,POSITIVE,0.9998552799224854,Other
6295,The first 3 star review is me,POSITIVE,0.9967767596244812,Other
6296,Is not working,NEGATIVE,-0.9997809529304504,Other
6297,"Fast, reliable and user friendly. Amazing chatting features. Keep it up! Always one step ahead!",POSITIVE,0.9998725652694702,"Customer Support, Feature Requests"
6298,V good ‚ùóÔ∏è,POSITIVE,0.9993855953216553,Other
6299,"This app is literally the best thing ever The chat banking is so easy just text and it‚Äôs done Super smooth, fast, and honestly a life saverIf you haven‚Äôt downloaded it yet you‚Äôre missing out big time",POSITIVE,0.9862455129623413,Customer Support
6300,I only see white page,NEGATIVE,-0.9910238981246948,Other
6301,Excellent banking app for all your needs! Who needs a physical branch when you can use Dashen Bank Super App Instead! I've never had an issue with anything that Dashen Bank Super App haven't handled swiftly and resolved to my satisfaction and above I don't often write reviews but this is an app/bank that I would highly recommended to everyone üíØ üëåüëç,POSITIVE,0.9994206428527832,Other
6302,Amizing Application üòç,NEGATIVE,-0.9905142784118652,Other
6303,Fastest and easy to use,POSITIVE,0.9997114539146423,Other
6304,Ok,POSITIVE,0.9997851252555847,Other
6305,·å•·à© ·äê·ãç,NEGATIVE,-0.7850580215454102,Other
6306,·àµ·àù ·â•·âª üòè,NEGATIVE,-0.8337246179580688,Other
6307,Exellent app with exellent banking system and exellent bank ever,NEGATIVE,-0.9579959511756897,Other
6308,Amazing app to use as usual! But why option of transferring to Telebirr and M pesa which was available on Amole app is omitted?? Dasheen is my favourite keep it up.,POSITIVE,0.9711757302284241,"Transaction Performance, Feature Requests"
6309,Needs some improvement,NEGATIVE,-0.998008668422699,Other
6310,Amazing,POSITIVE,0.999875545501709,Other
6311,Amazing super app,POSITIVE,0.9998658895492554,Other
6312,I hope it will be better than amole,POSITIVE,0.9969701766967773,Other
6313,Wly Super App ilove it ‚ù§Ô∏è üòç üíñ üíï,NEGATIVE,-0.9463614225387573,Other
6314,Wow,POSITIVE,0.999592125415802,Other
6315,Dashen yichalal. Ewnetem one step a head,NEGATIVE,-0.9832626581192017,Other
6316,It has a Good performance but need more upgrade for more performance like when we login account not be fast balance show other thing looking good. Carry on. Thanks so much for Greatest service,POSITIVE,0.9967933297157288,Account Access Issues
6317,"It is a very wonderful work that has saved its time. That is why it is ""Always one step ahead!""",POSITIVE,0.9998805522918701,Other
6318,‚ÄúLife-changing!‚Äù I can‚Äôt imagine going back to traditional banking after using this app. It‚Äôs so convenient.,POSITIVE,0.9968047142028809,Other
6319,Pro max,POSITIVE,0.9984601736068726,Other
6320,The most good app and easy,POSITIVE,0.9998631477355957,Other
6321,"Excellent and user friendly App. Excellence is what makes you always one step ahead. Dashen Bank, Always One Step Ahead !!",POSITIVE,0.9998682737350464,Other
6322,Proud to be dashen family . Shout out to the serial entrepreneur üëè,POSITIVE,0.9998549222946167,Other
6323,Excellent app.,POSITIVE,0.9998461008071899,Other
6324,First ATM in East africa ‚≠êÔ∏è‚≠êÔ∏è‚≠êÔ∏è‚≠êÔ∏è‚≠êÔ∏è,POSITIVE,0.9874703288078308,Other
6325,Best app.,POSITIVE,0.999774158000946,Other
6326,Better Move to catch the competition upüëç,POSITIVE,0.9914566874504089,Other
6327,"Great job my home, my bank.",POSITIVE,0.9998712539672852,Other
6328,Wow,POSITIVE,0.999592125415802,Other
6329,Always one step ahead! What a masterpiece.,POSITIVE,0.9998708963394165,Other
6330,Great App Well done Dashen Bank,POSITIVE,0.9997735619544983,Other
6331,Great!,POSITIVE,0.9998692274093628,Other
6332,Nice,POSITIVE,0.9998552799224854,Other
6333,"I love it but it has bugs during confirmation of password! So, please make it functional",POSITIVE,0.9805048108100891,Account Access Issues
6334,Always one step forward,POSITIVE,0.999639630317688,Other
6335,"It's great! But it will be advanced if you include a caption that allow customers to transfer to Telebirr account. Dashen Bank, ""·ä©·àâ ·åç·ãú·ç° ·àì·ã∞ ·àµ·åï·àö ·âÄ·ã≥·àö·ç¢"" (Always one step ahead!)",POSITIVE,0.9995723366737366,Transaction Performance
6336,Small size with vast features and functionalities.,POSITIVE,0.9981461763381958,Feature Requests
6337,Amazing app üëè üëå Dashen bank one step a head,POSITIVE,0.9995114803314209,Other
6338,Best app,POSITIVE,0.999686598777771,Other
6339,"It has a great application features from the beginning. I'm glad to use it even I haven't used it yet because I haven't activated my account yet. But it's simple, comprehensive, full of information, and fast. ·â†·à≠·â± ·ã≥·à∏·äñ·âΩ: The super app has impressed me more than I expected.",POSITIVE,0.999612033367157,Feature Requests
6340,Dashen Bank Always One Step Ahead!,POSITIVE,0.9996882677078247,Other
6341,U can't create account,NEGATIVE,-0.9984429478645325,Other
6342,Really super app... so seamless and with a nice user interface .. we are proud of you dashen bank ...,POSITIVE,0.9998613595962524,User Interface
6343,We will see it,POSITIVE,0.9998630285263062,Other
6344,Always one step a head!,POSITIVE,0.9981322884559631,Other
6345,"A lightweight,catchy and smooth app",POSITIVE,0.9987092018127441,Other
6346,Very impressive interface with best security feature and user friendly app.,POSITIVE,0.9997988343238831,"User Interface, Feature Requests"
6347,It is so far so good it has a unique features than telebirr good job Dashen,POSITIVE,0.9998282194137573,Feature Requests
6348,"Yea , it's a good idea to make it with the bank name, it will help for the bank easily to find the application, and customers can easily downloed and use the product. I wish all the best for Dashen bank initiative.",POSITIVE,0.7550314664840698,Customer Support
6349,This is My Bank!,POSITIVE,0.9968096613883972,Other
6350,Dashen Bank Always One Step Ahead!,POSITIVE,0.9996882677078247,Other
6351,"Truly, db => AlwaysOneStepAhead !!",NEGATIVE,-0.9989049434661865,Other
6352,ALWAYS ONE STEP AHEAD,POSITIVE,0.9997699856758118,Other
6353,Well developed,POSITIVE,0.9998576641082764,Other
6354,oh nice!!! i wish it's very nice app,POSITIVE,0.9996349811553955,Other
6355,Really the app looks like amazing. I can't wait to activate in the morning.,POSITIVE,0.9997010827064514,Other
6356,Applause üëè Dashen Bank. One of the best super app inorder to pay easily and securely. One step a head.,POSITIVE,0.9996860027313232,Other
6357,Wow Dashen Super App üöÄüöÄ,POSITIVE,0.9978638291358948,Other
6358,All in One,POSITIVE,0.9988051652908325,Other
6359,The best Banking app I have ever seen,POSITIVE,0.9997634291648865,Other
6360,It looks good and simple to use,POSITIVE,0.9998189806938171,Other
6361,Best,POSITIVE,0.9997941851615906,Other
6362,App That makes Difference!,POSITIVE,0.9998338222503662,Other
6363,Faster and userfriendly,POSITIVE,0.9199286103248596,Other
6364,Best,POSITIVE,0.9997941851615906,Other
6365,"Waw Great and innovated,user friendly, always one step ahead",POSITIVE,0.999778687953949,Other
6366,It's Best waww üôè,POSITIVE,0.9997444748878479,Other
6367,Always one step ahead,POSITIVE,0.9997699856758118,Other
6368,"Like Me, I Hope It Works Better Than Before.",POSITIVE,0.99872225522995,Other
